{"cameraMode":{"drawMode":0,"name":"Shaded","section":"Shading Mode"},"sceneLighting":true,"audioPlay":false,"sceneViewState":{"m_AlwaysRefresh":false,"showFog":true,"showSkybox":true,"showFlares":true,"showImageEffects":true,"showParticleSystems":true,"showVisualEffectGraphs":true,"m_FxEnabled":true},"in2DMode":false,"pivot":{"x":2.3723461627960207,"y":-0.18314415216445924,"z":-1.4598742723464966},"rotation":{"x":-0.048916030675172809,"y":0.9260177612304688,"z":-0.12890011072158814,"w":-0.3514120578765869},"size":3.6935718059539797,"orthographic":false}