{"cameraMode":{"drawMode":0,"name":"Shaded","section":"Shading Mode"},"sceneLighting":true,"audioPlay":false,"sceneViewState":{"m_AlwaysRefresh":false,"showFog":true,"showSkybox":true,"showFlares":true,"showImageEffects":true,"showParticleSystems":true,"showVisualEffectGraphs":true,"m_FxEnabled":true},"in2DMode":false,"pivot":{"x":0.4623926877975464,"y":1.1114965677261353,"z":0.8351033926010132},"rotation":{"x":-0.1293494552373886,"y":0.21346963942050935,"z":-0.028570860624313356,"w":-0.967801570892334},"size":1.2572356462478638,"orthographic":false}